application,authors_year,year,target_process,region_site,signal_source,components,freq_band_hz,coda_window_s,dvv_method,stack_scheme,station_config,depth_sensitivity,dvv_amplitude,uncertainty_treatment,best_practice_note,also_applications,doi_url,open_access_format,measurement_source
Volcano,"Brenguier et al., 2008",2008,Pre-eruptive edifice change from magma pressurization (eruption precursor),"Piton de la Fournaise, La Réunion",Ambient noise,ZZ cross-correlations,0.1-0.9,n/r (slope of dtau vs tau; short scanning window),MWCS (doublet),Daily stacks referenced to long-term stack,Station pairs,Shallow edifice (upper ~hundreds m–1 km),~ -0.05% weeks before eruptions,linear-slope uncertainty; exclude >0.04%,First demonstration that ~0.05% pre-eruptive drops are continuously detectable from noise with weeks of lead time,,https://doi.org/10.1038/ngeo104,PDF,"full text (this work, 2026)"
Volcano,"Duputel et al., 2009",2009,"dv/v tracking inflation (decrease), deflation (increase) and caldera collapse (strong drop)","Piton de la Fournaise, La Réunion",Ambient noise,Z cross-correlations,0.1–1,n/r,Other,Quasi-real-time stacks vs reference,Station pairs,Shallow edifice (surface-wave coda),~0.1% over days before eruptions,n/r,"Quasi-real-time CWI workflow distinguishing inflation, deflation, collapse phases",,https://doi.org/10.1016/j.jvolgeores.2008.11.024,paywall,abstract scan (2026)
Volcano,"Obermann et al., 2013",2013,Pre/co-eruptive elastic (dv/v) and scattering (decoherence) changes; localization of changes,"Piton de la Fournaise, La Réunion",Ambient noise,Z cross-correlations (19 broadband stations),0.1-1.0,10-45,stretching,"Daily stacks, referenced; coda at increasing lapse times",Array,Early coda = shallow (surface waves); late coda = deeper (body waves),n/r,Weaver et al. coherence-based error formula,Couples dv/v with waveform decoherence and lapse-time depth sensitivity to image/locate changes (shallow vs deep),,https://doi.org/10.1002/2013JB010399,paywall,"full text (this work, 2026)"
Volcano,"Hotovec-Ellis et al., 2014",2014,Inter-eruption magmatic/hydrologic velocity change,"Mount St. Helens, WA, USA",Earthquake coda,n/r,"1-10 (also 1-5, 5-10)",windows after S arrival; >=5 with CCC>0.65,doublet (Snieder 2002),Stack across several hundred repeating-earthquake families (multiplets),Single-station autocorr,Shallow edifice beneath summit,Generally <1% (≈2% spread over years if read as Vs change),~0.1% from SD of velocity fit,Coda-wave interferometry on repeating-earthquake families builds a continuous single-station inter-eruption record,,https://doi.org/10.1002/2013JB010742,paywall,"full text (this work, 2026)"
Volcano,"Hotovec-Ellis et al., 2015",2015,Velocity changes during 2004–2008 eruption; conduit/plumbing dynamics,"Mount St. Helens, WA, USA",Both,n/r,0.5-10,15 s window starting 2 s after first motion,stretching,Combines repeating-earthquake CWI with ambient-noise interferometry,Single-station autocorr,Shallow edifice/conduit beneath summit,n/r (order ~1% or less),reduced similarity (CC) in stretching window,Cross-validates coda-wave and ambient-noise dv/v during an eruption,,https://doi.org/10.1002/2015JB012101,paywall,"full text (this work, 2026)"
Volcano,"Rivet et al., 2015",2015,"Pre-eruptive velocity decrease, corrected for rainfall/pore-pressure","Piton de la Fournaise, La Réunion",Ambient noise,Network cross-correlations (27 stations),0.25-2,n/r,MWCS,Daily stacks vs reference; network-averaged dv/v,Array,Shallow edifice (rainfall correction applied),~ -0.15% before 21 June 2014 eruption,coherency + linear-regression error,Environmental (rainfall) correction is essential — hydrological dv/v is comparable to the pre-eruptive signal,,https://doi.org/10.1002/2015GL064835,paywall,"full text (this work, 2026)"
Volcano,"De Plaen et al., 2016",2016,Pre-eruptive velocity drop (intrusion/edifice damage) on sparse networks,"Piton de la Fournaise, La Réunion (method also re Kawah Ijen)",Ambient noise,Three-component single-station cross-component + autocorrelation,"0.1-1.0, 0.5-1.0, 1.0-2.0, 2.0-4.0",5-35 (both branches),MWCS,n/r,Single-station cross-comp,n/r,Distinct pre-eruptive drop (amplitude n/r),coherency + linear-regression error QC,Single-station cross-component (SC) more stable than autocorrelation at low freq; one station 3.65 km from vent still detected the drop,,https://doi.org/10.1002/2016GL070078,paywall,"full text (this work, 2026)"
Volcano,"Donaldson et al., 2017",2017,dv/v tracking summit inflation/deflation (radial tilt); magma pressurization,"Kīlauea summit, Hawaii, USA",Ambient noise,Vertical only (ZZ),0.33-1.0,"30 s window, min lag = interstation dist / 0.8 km/s",MWCS (doublet),Daily NCFs stacked over 3-day moving window,Station pairs,~0.5–1.5 km (Rayleigh-wave kernels),Order ~0.1%; long-term trend cross-correlation -0.73 with tilt,"weighted dt-t regression; coherence>0.65, err<0.1 s thresholds",~231 pairs from 22 vertical-component summit stations; first robust multi-year dv/v–deformation correlation using lava-lake tremor as repeating source,,https://doi.org/10.1126/sciadv.1700219,HTML,"full text (this work, 2026)"
Volcano,"Takano et al., 2017",2017,Stress sensitivity of dv/v during volcano deformation (geodetic source); depth localization,"Izu-Oshima, Japan",Ambient noise,"n/r (cross-correlation, multi-station)","0.5-1, 1-2, 2-4",-20 to +20,MWCS,"Cross-correlations 2012–2015, multiple bands",Station pairs,Changes concentrated in shallow structure (higher bands shallower),n/r,error bars from coherency,Multi-band analysis localizes velocity change to shallow structure and ties it to strain from a geodetic deformation source,,https://doi.org/10.1002/2017JB014340,paywall,"full text (this work, 2026)"
Volcano,"Lesage et al., 2018",2018,Search for precursory velocity change before large dome collapse; sensitivity to tectonic quakes/environment,"Volcán de Colima, Mexico",Ambient noise,Z cross-correlations (5 broadband stations),0.125-2,10-80,stretching,Daily cross-correlations; 2013 stack as reference,Station pairs,Surface-wave sensitivity to ~2–3 km,Typical 0.05–0.1%; tectonic-quake drops up to ~0.2%,empirical noise from AVV fluctuations (~0.05%),Establishes ~0.05% detection floor via pair averaging; reports ABSENCE of precursor before July 2015 collapse (important null result),,https://doi.org/10.3389/feart.2018.00093,HTML,"full text (this work, 2026)"
Volcano,"De Plaen et al., 2019",2019,Intense pressurization accompanying paroxysmal lava-fountain eruptions,"Mt. Etna, Italy (2013–2014)",Ambient noise,"Three-component autocorrelation (ZZ, EE, NN averaged per station)",1.0-2.0,5-35,MWCS,"Daily autocorrelations, 2-day linear stack",Single-station autocorr,Near-field; varies with station proximity to vents,~ +0.3% to -0.2% at summit stations,cross-coherence + squared misfit; reject dt err>0.1 s or coh<0.6,Single-station autocorrelation captures pressurization at summit stations even on sparse networks,,https://doi.org/10.3389/feart.2018.00251,HTML,"full text (this work, 2026)"
Volcano,"Donaldson et al., 2019",2019,Crustal response to 2014 Bárðarbunga–Holuhraun dike intrusion (volumetric strain) + seasonal loading,"Northern Volcanic Zone (Askja/Bárðarbunga), Iceland",Ambient noise,n/r,"0.1-0.4, 0.4-1.0, 1-2, 2-4, 4-16",per-band (suppl. Table S1),stretching + MWCS,n/r,Station pairs,"Multi-band probing across depths, including depths where geodesy is insensitive",n/r (linear dv/v vs volumetric strain),reject dv/v when stretched-ref CC<0.4,Demonstrates linear dv/v–volumetric-strain relation in compressional/dilatational dike regions; multi-frequency depth probing,,https://doi.org/10.1126/sciadv.aax6642,HTML,"full text (this work, 2026)"
Volcano,"Olivier et al., 2019",2019,Pre-eruptive velocity decrease (~10 days before onset); edifice damage/pressurization,"Kīlauea, Hawaii, USA (2018 eruption)",Ambient noise,n/r,0.08-1.2,30 s windows; start = dist/700 m/s + 30 s,MWCS,"n/r (passive image interferometry, daily)",Station pairs,Shallow crust/edifice (frequency-dependent),Resolvable below 0.1%; decrease before eruption,CCF-coherence-based uncertainty,Separates stable microseism band (0.1–0.2 Hz) from volcanic-tremor band (0.3–1 Hz) to distinguish medium vs source-noise effects,,https://doi.org/10.1029/2018GL081609,paywall,"full text (this work, 2026)"
Volcano,"Yates et al., 2019",2019,Volcanic unrest / phreatic eruption; separating coseismic and seasonal medium changes,"Whakaari / White Island, New Zealand",Ambient noise,Single-station (cross-component / autocorrelation per station),0.1-1.0,16 s moving windows within 20-80 s,MWCS,n/r,Single-station cross-comp,Shallow subsurface,n/r,"QC (err<0.1 s, coh>0.7); error-weighted mean","Single-station measurements separate volcanic, coseismic, and seasonal contributions over a decade",,https://doi.org/10.1029/2018GL080580,paywall,"full text (this work, 2026)"
Volcano,"Feng et al., 2020",2020,Summit inflation (dv/v increase) then edifice damage + Upper East Rift Zone intrusion (decrease) before 2018 eruption,"Kīlauea, Hawaii, USA",Ambient noise,n/r (12 broadband stations),3-8,"[-2.8:-0.4] and [0.4:2.8] (=[-14Dt:2Dt],[2Dt:14Dt])",stretching,Jan 2017–Jun 2018 NCFs,Station pairs,Frequency-dependent depth discrimination across upper crust,n/r (sign-resolved increases then decreases),absolute error from stretching CC,Three frequency bands separate response to earthquake shaking vs deep magmatic intrusion and discriminate depth,,https://doi.org/10.1186/s40623-020-01199-x,HTML,"full text (this work, 2026)"
Volcano,"Hotovec-Ellis et al., 2022",2022,Velocity changes during 2018 caldera collapse; growth of caldera ring fault toward surface,"Kīlauea, Hawaii, USA (2018 collapse)",Earthquake coda,n/r,n/r,n/r,CWIRE (stretching + damped LSQ),"Coda Wave Interferometry with Repeating Earthquakes (CWIRE), per-cluster pairs","Single-station, repeating-earthquake coda (CWIRE)",Short-term changes distributed in depth; long-term changes concentrated near surface,n/r,n/r,Repeating-earthquake CWI resolves depth partitioning of fast (deep) vs slow (shallow) velocity changes during collapse,,https://doi.org/10.1029/2021JB023324,HTML,"full text (this work, 2026)"
Volcano,"Köpfli et al., 2024",2024,"Volcanic, tectonic and environmental (groundwater) influences on velocity over 22 yr","Mount St. Helens, WA, USA",Ambient noise,n/r,"n/a (wavefield amplitude features, not dv/v)",n/a,n/a (no dv/v; companion is Makus 2024),Long-term NCF stacks; many dv/v series on a common grid,Station pairs,Shallow (seasonal/groundwater) to plumbing depths,dv/v increase during 2004–2008 crisis; seasonal cycles (% n/r),n/a,22+ yr continuous ambient-wavefield monitoring; spatial imaging of many dv/v series separates volcanic/tectonic/hydrologic signals,,https://doi.org/10.1785/0220240079,HTML,"full text (this work, 2026)"
Volcano,"Yates et al., 2024",2024,Seasonal snow loading vs volcanic processes; eruption–seasonality link,"Mt. Ruapehu, New Zealand (2005–2009)",Ambient noise,n/r,0.25-2.5 (wavelet 0.1-8.0),"min lag 5 s, length 20 cycles (e.g. 5-25 at 1 Hz)",CWT (cross-wavelet),n/r,n/r,Inversion places changes in upper ~300 m,Higher velocity in winter (snow-correlated),slope SD from covariance; coherence weighting,Cross-wavelet dv/v with depth inversion; seasonal snow signal must be removed before attributing changes to volcanic processes,,https://doi.org/10.1029/2024JB029568,paywall,"full text (this work, 2026)"
Volcano,"Yukutake et al., 2025",2025,Magma-reservoir inflation/deflation (400–500 day cycle); coseismic drops; areal-strain coupling,"Izu-Oshima, Japan (2003–2020)",Ambient noise,n/r (24 stations),"0.1-0.9, 0.5-2.0, 1.0-4.0",20-40,MWCS,"Long-term interferometry stacks, 2003–2020",Station pairs,Changes at depths <~1 km,~1–2% (range -1% to +3%); rapid drops after large earthquakes incl. 2011 M9.1 Tohoku-oki,1-2 sigma errors as inversion weights,"17-yr, 24-station record isolates ~400–500 day periodic dv/v tied to areal strain from magma inflation/deflation, separate from coseismic drops",,https://doi.org/10.1029/2025JB031170,paywall,"full text (this work, 2026)"
Earthquake/Fault,Schaff & Beroza 2004,2004,coseismic velocity decrease and postseismic recovery from repeating earthquakes,"1989 Mw 6.9 Loma Prieta aftershock zone, California (also Parkfield repeaters)",Earthquake coda,n/r,n/r (unfiltered),1.4 s moving windows through coda,doublet,Repeating-earthquake doublets; delays vs pre-mainshock repeaters,Single-station cross-comp,Shallow concentration inferred (coda delays exceed direct-wave delays),"Direct-S delays up to ~6 ms, S-coda delays >15 ms after Loma Prieta; coseismic decrease then recovery",formal slope SE; CC weighting,Repeating earthquakes give a co-located repeatable source; larger coda than direct-wave delays diagnose shallow change location,,https://doi.org/10.1029/2004JB003011,paywall,"full text (this work, 2026)"
Earthquake/Fault,Pacheco & Snieder 2005,2005,dv/v sensitivity-kernel theory (travel-time change of multiply scattered waves),Theory / acoustic diffusion model,Earthquake coda,Scalar acoustic (multiply scattered),n/r,n/r,Other,n/r,n/r,Spatial sensitivity kernel (incl. depth) from probability a wave traversed a location in a lapse-time window,n/r,n/r (analytical kernel),Foundational kernel for spatially localizing velocity changes from coda travel-time shifts under diffusion approximation; basis for later 3-D kernels,,https://doi.org/10.1121/1.1979437,paywall,abstract scan (2026)
Earthquake/Fault,Rubinstein & Beroza 2005,2005,depth constraints on coseismic nonlinear strong-motion-induced velocity reduction,"2004 M6 Parkfield earthquake, San Andreas fault, California",Earthquake coda,n/r,n/r,"n/a (direct-S delays, not coda)",doublet (moving-window CC),Repeating-earthquake travel-time delays before vs after mainshock,Single-station cross-comp,Velocity change concentrates in top ~100 m (shallowmost crust),n/r (shallow S-wave traveltime delays; major shallow reduction),CC>0.8 and SNR>4:1 QC,Shows coseismic velocity reductions are dominantly a shallow (top ~100 m) nonlinear site effect — key for separating fault-zone vs near-surface signal,,https://doi.org/10.1029/2005GL023189,paywall,"full text (this work, 2026)"
Earthquake/Fault,Wegler & Sens-Schönfelder 2007,2007,coseismic velocity drop in a crustal-earthquake source region (fault-zone monitoring),"Mid-Niigata (Chuetsu) earthquake source region, Japan; F-Net station KZK (~24 km)",Ambient noise,Vertical (single component),2-100 (2 Hz high-pass),5-14,stretching,"Daily autocorrelations vs ~two-week pre-event reference; grid search (10000 trials, dv/v ±0.03)",Single-station autocorr,n/r (lapse-time dependence noted as future route to depth),-0.6% drop coinciding with the Mw 6.6 Mid-Niigata earthquake,day-to-day fluctuation ~0.1%; CC>0.5,Single-station autocorrelation (passive image interferometry) avoids needing pairs; pick lapse window to exclude early scattered coda and stay above noise,,https://doi.org/10.1111/j.1365-246X.2006.03284.x,paywall,"full text (this work, 2026)"
Earthquake/Fault,"Brenguier, Campillo, Hadziioannou, Shapiro, Nadeau, Larose 2008",2008,coseismic velocity reduction and postseismic relaxation (log(t) recovery) tracking afterslip on the San Andreas fault,"Parkfield, San Andreas fault, California, USA",Ambient noise,n/r,0.1–0.9,n/r,Stretching,1550-day reference vs overlapping 5-day moving windows; 30-day time resolution,Station pairs,"Surface-wave sensitivity, shallow crust","~ -0.1% coseismic drop after 2004 M6 Parkfield (also 2003 San Simeon), relaxing as log(t)",Averaged over 78 receiver pairs plus 5-day segments,Multi-year continuous monitoring averaged over many pairs (78) enables ~0.1% detection and correlation with GPS afterslip/tremor,,https://doi.org/10.1126/science.1160943,paywall,abstract scan (2026)
Earthquake/Fault,"Hadziioannou, Larose, Coutant, Roux, Campillo 2009",2009,dv/v methodology (precision/stability of monitoring weak changes with noise correlation),Laboratory scattering gel (ultrasonic),Both,Ultrasonic acoustic (multiply scattered),"2.5 MHz ultrasonic (lab, not seismic band)",12.5-50 us (lab),stretching + doublet (compared),Noise-correlation stacking,Array (lab transducers),n/r (controlled lab medium),n/r (temperature-induced change),analytic std of stretching-CC fluctuations,Full Green-function reconstruction is NOT required for monitoring; only relative stability of the noise-source structure — validates passive dv/v against active measurements,Methodology,https://doi.org/10.1121/1.3125345,preprint,"full text (this work, 2026)"
Earthquake/Fault,"Sawazaki, Sato, Nakahara, Nishimura 2009",2009,coseismic damage and multi-year postseismic healing (shallow S-wave velocity drop),"Western-Tottori region, Japan; KiK-net borehole (surface + 100 m); 2000 Mw 6.6 mainshock",Earthquake coda,n/r,n/r,n/r,Other,Coda deconvolution of surface vs 100-m borehole records,Array,Shallow ground 0–11 m (between surface and 100 m sensor),"~30% decrease in S-wave velocity after mainshock, recovering over several years",n/r,Randomly scattered S-coda deconvolution of surface-borehole pair robustly isolates the very shallow (<11 m) layer of largest coseismic drop,,https://doi.org/10.1785/0120080058,paywall,abstract scan (2026)
Earthquake/Fault,"Wegler, Nakahara, Sens-Schönfelder, Korn, Shiomi 2009",2009,sudden coseismic mean shear-wave velocity drop in earthquake source region,"2004 Mw 6.6 Mid-Niigata earthquake source region, Japan; 6 Hi-net/F-Net stations <25 km",Both,n/r,2-8 and 0.1-0.5,5-14 (2-8 Hz); 10-100 (0.1-0.5 Hz),stretching,Daily auto-/cross-correlations inverted daily for 2 months pre/post; pre-event reference,Array,n/r,Sudden drop of mean shear-wave velocity of a few tenths of a percent,SD over Green's-tensor components; R>0.5,"Coseismic drop confirmed with both AC and CC techniques across 6 stations, demonstrating robustness of passive interferometry",,https://doi.org/10.1029/2008JB005869,paywall,"full text (this work, 2026)"
Earthquake/Fault,"Chen, Froment, Liu, Campillo 2010",2010,coseismic velocity change and its spatial distribution,"Sichuan, China — 2008 Mw 7.9 Wenchuan earthquake fault zone",Ambient noise,n/r,n/r,"~25 s after ballistic, up to +-200 s lapse",MWCS,Noise cross-correlation stacking; sub-array comparison (156 broadband stations),Array,"Mapped via sub-arrays; dv/v consistent with volumetric strain, not sediment response",Velocity drop up to ~0.08% in fault region post-earthquake; pre-event fluctuations within ~0.02%,n/r,Compare across spatial sub-arrays to retrieve spatial pattern; relate to modeled volumetric strain to attribute change to in-situ strain not sediments,,https://doi.org/10.1029/2010GL044582,HTML,"full text (this work, 2026)"
Earthquake/Fault,Nakata & Snieder 2011,2011,coseismic damage (near-surface weakening) and logarithmic healing,"NE Japan (Honshu), KiK-net; 2011 Tohoku-Oki earthquake",Earthquake coda,n/r,1-13,"n/a (deconvolution interferometry, direct S-wave)",n/a (not coda/noise dv/v),>300 earthquakes (Jan 1–May 26 2011); borehole-to-surface deconvolution,Single-station autocorr,Upper ~100 m (borehole-to-surface S wave),"~10% reduction of shear-wave velocity in upper 100 m, then log healing",SD of travel times over events,Deconvolution interferometry between borehole and surface sensors isolates the upgoing S wave; maps a ~1200 km wide weakening zone with log-in-time healing,,https://doi.org/10.1029/2011GL048800,paywall,"full text (this work, 2026)"
Earthquake/Fault,"Rivet, Campillo, Shapiro, Cruz-Atienza, Radiguet, Cotte, Kostoglodov 2011",2011,slow slip; nonlinear crustal deformation (strain-rate-dependent velocity change),"Guerrero, Mexico subduction zone (2006 M7.5 slow slip event)",Ambient noise,n/r,0.037-0.27 (periods 3.7-27 s),"n/r (coda used, no length)",doublet (MWCS),n/r,Station pairs,Surface waves sensitive to upper/middle crust ~5–20 km,"~0.1% velocity decrease, far larger than volumetric strain (~1e-6)",previous-epoch referencing; no explicit error bars,"An aseismic SSE radiates no waves, so the velocity change cannot be a shaking/site response; time dependence tracks strain rate, evidencing crustal nonlinear elasticity",,https://doi.org/10.1029/2011GL047151,paywall,"full text (this work, 2026)"
Earthquake/Fault,"Hobiger, Wegler, Shiomi, Nakahara 2012",2012,coseismic velocity drop and postseismic logarithmic healing,"2008 Iwate-Miyagi Nairiku earthquake (Mw 6.9), NE Japan",Ambient noise,n/r,"0.125-0.25, 0.25-0.5, 0.5-1.0","ten periods, starting 7.5 periods after direct wave",stretching,Daily cross-correlations vs long-term reference Green's function,Station pairs,Upper several hundred m at two stations; ~km depth indicated at a third,"Coseismic drops stronger at higher frequencies, concentrated in southern fault zone",CC weighting; 18-component weighted average,190 station pairs in three frequency bands isolate drop + log recovery while modeling seasonal variation; frequency-dependence constrains depth,,https://doi.org/10.1029/2012JB009402,paywall,"full text (this work, 2026)"
Earthquake/Fault,"Minato, Tsuji, Ohmi, Matsuoka 2012",2012,coseismic velocity reduction and postseismic healing (mainshock + large aftershocks),"Southern Tohoku (Fukushima/Ibaraki), Japan; 58 Hi-net stations; 2011 Tohoku-Oki",Ambient noise,Vertical (single-component autocorrelation),2-5,2-10 lag,stretching,n/r,Single-station autocorr,n/r,"Up to ~1.5–2% nearest mainshock, with gradual healing; drops after 11 Mar and 11 Apr events",SD from pre/post-seismic values,Single-station vertical autocorrelation avoids needing pairs; spatial dv/v correlates with static strain (GPS) and peak ground velocity,,https://doi.org/10.1029/2012GL051405,paywall,"full text (this work, 2026)"
Earthquake/Fault,"Obermann, Planès, Larose, Sens-Schönfelder, Campillo 2013",2013,depth-sensitivity methodology (coda-wave sensitivity vs depth),Numerical 2-D elastic media (lunar-data illustration),Earthquake coda,P and S (Vp/Vs=√3); Rayleigh fundamental mode dominates shallow,"20 Hz central, ~12 Hz bw (numerical)","1.5 s windows, centered ~1.8-6.6 s",stretching,Averaged over 10 random medium realizations per configuration,Single-station autocorr,Surface waves dominate first ~6 transport mean free times; lapse time localizes dv/v in depth,n/r (methodological),std over ten random-media realizations,Normalize by transport mean free time; use lapse-time dependence of coda dv/v to discriminate shallow (surface-wave) vs deep (body-wave) change,Methodology,https://doi.org/10.1093/gji/ggt043,PDF,"full text (this work, 2026)"
Earthquake/Fault,"Brenguier, Campillo, Takeda, Aoki, Shapiro, Briand, Emoto, Miyake 2014",2014,dynamic stress; coseismic velocity drop / stress sensitivity of pressurized volcanic fluids,"Volcanic/geothermal regions of Honshu, Japan; 2011 Mw 9.0 Tohoku-Oki",Ambient noise,Vertical (Z-Z),0.1–0.9,n/r,MWCS,Daily cross-correlations; linear inversion/regularization for continuous time series,Station pairs,Relatively deep crustal volume (low-frequency 0.1–0.9 Hz Rayleigh waves),~0.1% velocity decrease at volcanic regions after Tohoku-Oki,Stress sensitivity ~0.001 MPa^-1 inferred; detailed dv/v uncertainty n/r,Low-frequency dense-network correlations map dynamic-stress-induced drops; concentration at volcanoes (not max shaking) reveals fluid-related stress sensitivity,,https://doi.org/10.1126/science.1254073,paywall,abstract scan (2026)
Earthquake/Fault,"Liu, Huang, Peng, Su 2014",2014,coseismic velocity reduction + postseismic recovery / long-lived change,"Epicentral region of 2008 Mw 7.9 Wenchuan earthquake, China",Ambient noise,Three-component (all 9 cross-correlation combinations),"0.125-1 (1-8 s; subbands 1-2,2-4,4-8 s)",30-130,MWCS,Noise cross-correlation stacking (Aug 2004 – Sep 2011),Station pairs,"Most prominent in 2–4 s band (~1–4 km), indicating depth-localized upper-crustal change",Coseismic reduction up to ~0.2%; initial recovery then long-lived reduction,2-sigma SD across nine components,Use multiple period bands of three-component correlations to separate depth-dependent dv/v; long-lived reduction interpreted as incomplete healing,,https://doi.org/10.1002/2013GL058682,paywall,"full text (this work, 2026)"
Earthquake/Fault,"Taira, Brenguier, Kong 2015",2015,coseismic velocity drop and recovery,"South Napa, California (2014 Mw 6.0 South Napa earthquake)",Ambient noise,n/r,0.1-0.9,-60 to -20 and +20 to +60,MWCS,MSNoise cross-correlations; decimated to 20 Hz,Station pairs,Likely within seismogenic depth (≤10 km); poorly constrained,~0.08% velocity reduction after the earthquake,Jackknife 95% CI; 2-sigma SD,NCFs computed with MSNoise; band-pass 0.08–2.0 Hz then decimate to 20 Hz,,https://doi.org/10.1002/2015GL065308,paywall,"full text (this work, 2026)"
Earthquake/Fault,"Gassenmeier, Sens-Schönfelder, Eulenfeld, Bartsch, Victor, Tilmann, Korn 2016",2016,shaking-induced damage + postseismic healing (mesoscopic nonlinearity); thermal/environmental change,"Station PATCX, Atacama Desert, Northern Chile (IPOC)",Ambient noise,Vertical primarily (horizontals tested 2012–2014),"1-3, 4-6, 7-10 (primary 4-6)",10-15 (for 4-6 Hz),stretching (autocorrelation CWI),Daily autocorrelations; two-step iterative reference,Single-station autocorr,"Shallow: 90% of integrated sensitivity above ~114 m (6 Hz), ~168 m (4 Hz)",Seasonal ~0.18%; transient coseismic drops ~0.49–0.62% for major earthquakes,Gaussian fit to correlation values (CIs),8 yr of single-station autocorrelations isolate damage/healing via mesoscopic nonlinearity after removing thermal seasonal signal; log-time recovery,,https://doi.org/10.1093/gji/ggv529,HTML,"full text (this work, 2026)"
Earthquake/Fault,"Hillers, Campillo, Brenguier, Moreau, Agnew, Ben-Zion 2019",2019,fault-zone monitoring; velocity changes interpreted as response to deep aseismic creep,"San Jacinto fault zone, California (after 2010 M7.2 El Mayor-Cucapah, M5.4 Collins Valley)",Ambient noise,n/r,"0.2-2 (sub-bands 0.2-0.4,0.4-0.8,0.8-1.6,0.3-1.5)","20-50 (also 20-40,30-50,40-60)",stretching and MWCS (doublet),Average-waveform reference for stretching; MWCS also applied,Station pairs,Top ~10 km (above proposed deep creep source below 10 km),n/r (two tens-of-days episodes of reduced velocity),P-value QC; cc>=0.85 inversion,Resolves two successive ~tens-of-days velocity-reduction episodes over a 200-day window around April 2010,,https://doi.org/10.1029/2018JB017143,paywall,"full text (this work, 2026)"
Earthquake/Fault,"Wang, Campillo, Brenguier, Lecointre, Takeda, Hashima 2019",2019,coseismic damage (short period) and postseismic/static-strain change (long period) across the crust,"NE Honshu, Japan (2011 Mw 9.0 Tohoku-Oki earthquake)",Ambient noise,n/r,period bands 8-30 s and 15-50 s,-400 to 400 (moving 30 & 50 s),doublet,Monthly velocity-change estimates,Station pairs,Entire crust; long-period (to 50 s) samples below ~5 km; coseismic amplitude decreases with depth,n/r (short-period drops in strong-shaking region; long-period drops delayed up to ~6 months),SD error bars from 2009-2010,Combine short-period sensors with tiltmeters as long-period seismometers to extend depth sensitivity through the full crust,,https://doi.org/10.1029/2019JB017803,paywall,"full text (this work, 2026)"
Earthquake/Fault,"Mao, Mordret, Campillo, Fang, van der Hilst 2020",2020,dv/v methodology (wavelet cross-spectrum travel-time change; frequency-dependent dv/v),"Salton Sea Geothermal Field, California (2009–2011)",Both,n/r,"0.5-2.0, 0.75-3.0, 1.1-2.2, 1.5-6.0, 2.0-8.0",n/r (real data); synthetic 18.65-35,wavelet cross-spectrum (WCS),Noise cross-correlation stacking,Station pairs,"Frequency-resolved dt(f,t) discriminates dv/v at different frequencies/depths; less spectral smearing than MWCS",n/r (method demonstration),wavelet cross-spectrum amplitude weighting; coherence threshold,"Wavelet cross-spectrum gives optimal time-frequency resolution, handles dispersion + cycle skipping (2-D unwrapping), recovers dt more stably than stretching/MWCS",,https://doi.org/10.1093/gji/ggz495,preprint,"full text (this work, 2026)"
Earthquake/Fault,"Poli, Marguin, Wang, D'Agostino, Johnson 2020",2020,coseismic velocity drop plus seasonal variation; crustal rheology,"L'Aquila region, central Italy (2009 Mw 6.3 L'Aquila earthquake)",Ambient noise,n/r,0.5-1,"start 10/20/30 s, length 20/40/60 s",stretching (doublet tested),n/r,Single-station autocorr,n/r,~0.3% coseismic drop; ~0.05% seasonal cyclic variation,CC-weighting; cc>0.9 retained,17-year single-station record separating coseismic from temperature-driven seasonal signals,,https://doi.org/10.1029/2019JB019316,paywall,"full text (this work, 2026)"
Earthquake/Fault,"Boschelli, Zaccarelli, Faenza 2021",2021,coseismic velocity drop and postseismic recovery (months),"Ridgecrest fault zone, California (2019 Mw 7.1 Ridgecrest earthquake)",Ambient noise,n/r,>1 (1 Hz high-pass),n/r (variable lapse window),stretching,Daily autocorrelation functions vs mean waveform,Single-station autocorr,Shallow crust surrounding the fault zone,n/r (short-term drop near rupture; none beyond ~50 km; max change scales with log distance and peak dynamic strain),SD across non-overlapping windows,Velocity drop confined within ~50 km of rupture; recovery 1–3 months depending on slip and triggered-slip context,,https://doi.org/10.1029/2020JB021465,paywall,"full text (this work, 2026)"
Earthquake/Fault,Lu & Ben-Zion 2021,2021,coseismic velocity drop and rapid postseismic recovery in fault-zone material,"Ridgecrest, California (2019 Mw 7.1 Ridgecrest earthquake)",Earthquake coda,Three-component,8.0–12.0,"3 (moving windows, 1.5 s step)",Other,10-min stacks; adaptive Gaussian smoothing (20 min growing to 24 hr over 3 days),Single-station autocorr,Shallow upper crust ~1–3 km,~2% regional average; up to ~8% near rupture-arrest and Coso geothermal region,Standard deviations tracked; stabilized via smoothing,Exploit abundant aftershock waveforms (autocorrelations and P/S conversions) instead of ambient noise for high-time-resolution monitoring,,https://doi.org/10.1093/gji/ggab350,paywall,abstract scan (2026)
Earthquake/Fault,"Sheng, Mordret, Sager, Brenguier, Boué, Rousset, Vernon, Higueret, Ben-Zion 2022",2022,slow slip event detection; fault-zone monitoring,"San Jacinto fault, Anza seismic gap, Southern California",Earthquake coda,Vertical,>1,n/r,wavelet (WTS),Weekly stacked correlations with ~2-month smoothing,Array,A few km depth; reduced near-surface sensitivity,"dV/V inferred from volumetric strain of a ~Mw 5.1 / ~0.2 m SSE (early 2014, ~2 months)",dt uncertainty as inverse weight,Use repeatable train-generated tremors as a stable high-frequency source; dV/V derived via volumetric-strain simulations,,https://doi.org/10.1029/2022GL098509,HTML,"full text (this work, 2026)"
Landslide,"Mainsant, Larose, Brönnimann, Jongmans, Michoud, Jaboyedoff (2012)",2012,Pre-failure velocity drop preceding catastrophic earthslide-earthflow; clay softening / pore-pressure rise,"Pont-Bourquin landslide, Swiss Alps (Switzerland)",Ambient noise,Vertical / surface-wave (Rayleigh) cross-correlation between sensor pairs,10-12 (analyzed 4-25),0.2-2 (both sides),stretching,Daily noise correlograms (cross-correlation functions),Station pairs,"Velocity change localized at base of sliding layer (shallow, a few m) from frequency-dependent analysis",~-7% surface-wave velocity drop over several days before the Aug 2010 failure (reported elsewhere as ~6% for the event),Weaver et al. (2011) CC-based error (~1-2%),Foundational landslide dv/v study; demonstrated days-ahead precursor on a clayey landslide using short-distance sensor pairs and high-frequency surface waves,,https://doi.org/10.1029/2011JF002159,paywall,"full text (this work, 2026)"
Landslide,"Voisin, Garambois, Massey, Brossier (2016)",2016,Water-table / seasonal hydrology monitoring in a deep-seated slow-moving clayey landslide,"Avignonet / Mas d'Avignonet landslide, Trièves (French Alps), France",Ambient noise,Surface-wave (Rayleigh) cross-correlation; vertical components,~6-8 (annual dv/v pattern best resolved),n/r,Stretching,Daily/seasonal stacks vs reference,Station pairs,"Rayleigh sensitivity peaks ~2-3 m depth in 6-8 Hz band, tracking shallow water table",Seasonal dv/v of order 1% (anti-correlated with water table),Correlation-coefficient weighting; comparison with piezometer,Shows dv/v tracks water table in deep-seated slow landslide; choose frequency band so Rayleigh depth sensitivity matches expected water-table depth,,https://doi.org/10.1190/int-2016-0010.1,paywall,abstract scan (2026)
Landslide,"Harba, Pilecki (2017)",2017,Shear-wave velocity structure / time-spatial Vs changes of flysch prone to mass movement,"Just-Tęgoborze landslide, Carpathian flysch, southern Poland",Ambient noise,Surface-wave (Rayleigh) interferometry; vertical components,"High-frequency seismic noise (~5-20+, dispersion-curve range)",n/r (interferometric Green's-function retrieval),Other,Cross-correlation / interferometric stacks; dispersion inversion (neighbourhood algorithm),Array,Few m to tens of m (3-D Vs model of landslide body),"n/r (focus on Vs structure / time-spatial Vs changes, not % dv/v)",Dispersion-inversion misfit; comparison with MASW,Shows high-frequency noise interferometry images Vs of flysch landslides; dense arrays + dispersion inversion give spatial structure,,https://doi.org/10.1007/s10346-016-0779-2,paywall,abstract scan (2026)
Landslide,"Bertello, Berti, Castellaro, Squarzoni (2018)",2018,Earthflow dynamics from Rayleigh-wave velocity; velocity drop with acceleration and recovery with deceleration,"Montaguto earthflow, southern Italy",Ambient noise,Surface-wave (Rayleigh) monitoring; passive + active MASW,"n/a (active-source ReMi/MASW dispersion, not coda dv/v)",n/a,n/a,Time-lapse interferometry + time-lapse active MASW,Array,Shallow earthflow body (surface-wave depth),"Substantial Rayleigh-velocity drop on acceleration, slow recovery on deceleration",n/a,Rayleigh-velocity changes track earthflow kinematics; combining passive interferometry with active MASW cross-validates,,https://doi.org/10.1029/2017JF004233,paywall,"full text (this work, 2026)"
Landslide,"Bièvre, Franz, Larose, Carrière, Jongmans, Jaboyedoff (2018)",2018,"Influence of environmental parameters (temperature, precipitation) on dv/v in a clayey mudflow; seasonal reversible variations vs precursor","Pont-Bourquin landslide, Swiss Alps (4.5-yr record)",Ambient noise,Surface-wave cross-correlation; three pairs of sensors,~5-15 (surface-wave band; reported sensitivity to shallow layer <=2 m),n/r,Stretching,"Daily correlations, multi-year reference",Station pairs,Shallow (~2 m or less); ~30-day lag between air temperature and dv/v,Seasonal reversible dv/v smaller than the ~6% pre-failure drop of 2010,Correlation coefficient; seasonal-cycle modeling to separate from precursors,Quantifies seasonal/thermal dv/v cycles that must be removed before precursor detection; ~30-day temperature lag locates sensitivity in the top ~2 m,,https://doi.org/10.1016/j.enggeo.2018.08.013,paywall,abstract scan (2026)
Landslide,"Colombero, Baillet, Comina, Jongmans, Larose, Valentin, Vinciguerra (2018)",2018,Temperature-controlled long-term evolution of a prone-to-fall cliff; reversible vs irreversible dv/v and resonance,"Madonna del Sasso cliff, NW Italian Alps (Orta Lake), Italy",Ambient noise,Horizontal (E/N) and vertical; station-pair cross-correlation,2-20 (analysis); 2-4 strongest annual signal,0.5-2 (and symmetric -2 to -0.5),Stretching,"Daily correlations, multi-year reference (2013-2016)",Station pairs,~tens of m (temperature reference at ~20 m borehole),Annual dv/v +/-10% at 2-4 Hz; ~+/-5% at higher frequencies,Correlation coefficient (~0.9 at low freq) as reliability metric,"For rock cliffs, distinguish reversible thermal dv/v from irreversible precursors; track both dv/v and resonance frequency",,https://doi.org/10.1093/gji/ggy090,paywall,abstract scan (2026)
Landslide,"Bontemps, Lacroix, Larose, Jara, Taipe (2020)",2020,Rainfall- and earthquake-driven dv/v; rigidity loss during M>=5 quakes and inhibited healing by rain/small quakes,"Maca slow-moving Andean landslide, southern Peru (3-yr dataset)",Both,Cross-correlation of station pairs; ambient noise plus local earthquakes,n/r,n/r,n/r,Daily stacks vs reference,Station pairs,Shallow landslide body (rigidity of bulk),dv/v drops below -1.2%; short-term -dv/v with 2-5 day lag after rain,n/r,Demonstrates coupled rain+earthquake forcing; timing between forcings controls healing - monitor both triggers jointly,,https://doi.org/10.1038/s41467-020-14445-3,HTML,"full text (this work, 2026)"
Landslide,"Fiolleau, Jongmans, Bièvre, Chambon, Baillet, Vial (2020)",2020,Pre-rupture monitoring of a clay-block failure; combined dv/v and resonance-frequency precursors,"Harmalière landslide, French Western Alps (collapsed Nov 2016)",Ambient noise,Three-component (Noemax sensors); cross-correlation,1-12 (monitoring); dv/v in 2-4 and 8-10 bands; block resonance ~9-16,0.05-1.5,Stretching,"Hourly records, daily averaging vs reference",Station pairs,Shallow block/near-surface; higher-frequency dv/v shallower,dv/v up to +/-10% at high frequency before rupture,Correlation-coefficient degradation tracked across bands; multi-parameter precursor timing,"Combine dv/v with resonance frequency; precursors appear at different times in different bands, so multi-band monitoring improves confidence",,https://doi.org/10.1093/gji/ggaa050,paywall,abstract scan (2026)
Landslide,"Le Breton, Bontemps, Guillemot, Baillet, Larose (2021)",2021,"Review of ambient-noise dv/v for landslide monitoring; precursors, seasonal effects, spurious-fluctuation challenges",Global review (9 landslides monitored to date),Ambient noise,Cross-correlation of station pairs (and single-station variants discussed),1.3-20 (commonly 10-14; 0.1-1 for large/deep),end of direct waves to 5-10 periods (site-dependent),stretching and doublet (MWCS),Daily stacks vs long-term reference,Station pairs,"Shallow (meters to tens of m), set by high-frequency surface-wave sensitivity",Pre-failure drops of several % on clayey landslides; seasonal cycles ~1%,Weaver et al. (2011) rms + SD over pairs/windows; discard CC<0.6,Authoritative synthesis: confirms precursor ability on clayey landslides; stresses separating environmental/seasonal dv/v and checking for artifacts,,https://doi.org/10.1016/j.earscirev.2021.103518,preprint,"full text (this work, 2026)"
Landslide,Fan et al. (2023),2023,In-situ rock-slope destabilization; near-real-time precursor dv/v drop minutes before slope failure,"Rock slope, southwest China",Ambient noise,Cross-correlation; multi-component,High-frequency (~5-20),Sub-second to a few s,Stretching,Short-window stacks for rapid detection,Station pairs,Shallow (slope surface layers),~-0.5% precursor dv/v drop ~40 min before destabilization,Decorrelation/CC checks; rapid-detection confidence discussion,Demonstrates short-timescale (minutes) precursor; needs high temporal resolution and instability checks for early warning,,https://doi.org/10.1016/j.enggeo.2022.106922,paywall,abstract scan (2026)
Landslide,"Liu, Li, Liang, Zhang, Jiang, Huang (2025)",2025,High-resolution 4-D imaging of rainfall infiltration via noise-based dv/v; diurnal and rain-driven changes,"Xishan Village landslide, Sichuan Province, China",Ambient noise,"Nine-component CCFs (EE,EN,EZ,NE,NN,NZ,ZE,ZN,ZZ)","5-25 (raw 1-30); 15 Hz top ~15 m, 5 Hz 15-40 m",0.4-2.0,Stretching,20-min interval CCFs vs reference (SNR>4 wave-packet selection),Array,Rainfall infiltration to ~8 m resolved; 15 m (15 Hz) to 40 m (5 Hz),Max ~-0.6% during rainfall; ~0.4% diurnal,95% confidence interval (~0.05% uncertainty at 5 Hz),Dense array + multi-frequency dv/v yields 4-D depth-time infiltration imaging; high station count enables spatial resolution,,https://doi.org/10.1093/gji/ggag037,paywall,abstract scan (2026)
Landslide,"Whiteley, Chambers, Uhlemann et al. (2026)",2026,Moisture-driven elastic changes in a slow-moving clay-rich landslide; seasonal soil-moisture control on dv/v / surface-wave velocity,"Hollin Hill Landslide Observatory, North Yorkshire, UK (2-yr)",Ambient noise,"Ambient-noise cross-correlation, H/V, tilt; multi-component",6-10 (plus two unspecified bands),n/r,MWCS,Time-lapse interferometry + MASW between recording periods,Array,"Shallow (near-surface, moisture-controlled layers)",Seasonal velocity variation linked to soil moisture/saturation (qualitative),none (data report),Dense 10-station array across hydrogeological zones; saturation controls elastic properties - couple with moisture/H-V data,,https://doi.org/10.26443/seismica.v5i1.1478,HTML,"full text (this work, 2026)"
Landslide,"de Wit, Snieder (2026)",2026,Pre-failure dv/v on an open-pit mine slope; subsurface precursor ahead of surface deformation,"Open-pit mine slope, Australia",Ambient noise,Borehole geophone array; cross-correlation,n/r (high-frequency near-surface),n/r,Stretching,Time-lapse stacks vs reference,Array,Subsurface slope (dense borehole geophone array beneath slope),Velocity decrease ~12 days before slope-failure initiation,Decorrelation/CC; comparison with radar surface deformation,Borehole/buried arrays detect subsurface precursors before surface (radar) signs; promising for early warning in engineered slopes,Geothermal/Reservoir,https://doi.org/10.26443/seismica.v5i1.1902,HTML,abstract only (paywalled)
Groundwater/Hydrology,"Sens-Schönfelder & Wegler, 2006",2006,Groundwater / water-table change driven by precipitation,"Merapi Volcano, Indonesia",Ambient noise,Z-only single-station autocorrelation,0.5 Hz high-pass,2-8,stretching,Daily autocorr vs yearly reference,Single-station autocorr,"Shallow, tens to ~hundreds of m",~0.02% seasonal (~0.1% accuracy),SD over non-overlapping windows,Founding 'passive image interferometry'; single-station autocorr + stretching with precipitation model,Earthquake/Fault; Methodology; Volcano,https://doi.org/10.1029/2006GL027797,paywall,"full text (this work, 2026)"
Groundwater/Hydrology,"Tsai, 2011",2011,Theory: thermoelastic + poroelastic/hydrologic loading driving seasonal dv/v,"Theoretical model, applied to southern California",Both,n/r,n/a (theory of thermoelastic/hydrologic velocity change),n/a,"n/a (analytic model, no measurement)",n/r,Array,Analytic depth-dependent stress; near-surface (tens-hundreds m) with depth-dependent phase lag,Predicts seasonal dv/v ~0.1% scale; hydrologic dominates thermoelastic in S. California,n/a,Canonical physical framework to attribute seasonal dv/v to thermoelastic vs hydrologic strain,,https://doi.org/10.1029/2010JB008156,PDF,"full text (this work, 2026)"
Groundwater/Hydrology,"Hillers, Campillo & Ma, 2014",2014,Precipitation-driven groundwater / pore-pressure change (fluid discharge),"TCDP borehole array, Chelungpu fault, Taiwan",Ambient noise,n/r (borehole array),n/r,n/r,n/r,n/r,Array,Near-surface to borehole depth,n/r,n/r,Fluid-discharge controls water-table equilibration and hence the dv/v timescale,,https://doi.org/10.1016/j.epsl.2014.01.040,paywall,abstract scan (2026)
Groundwater/Hydrology,"Lecocq, Longuevergne, Pedersen, Brenguier & Stammler, 2017",2017,Groundwater storage at mesoscale; thermoelastic + hydrologic modeling over 30 yr,"Gräfenberg Array (GRA1-4), SE Germany (karst limestone aquifer)",Ambient noise,Z-component cross-correlations,0.1-0.8,20-100 (and -20 to -100),MWCS (Brenguier all-pairs),"Daily CCFs, 31-day rolling window",Array,Near-surface to ~200 m,~±0.01% over 30 years,LSQ slope error as inverse-variance weight; bootstrap,Demonstrates decadal stability; thermoelastic and hydrologic contributions comparable when GWL changes small,,https://doi.org/10.1038/s41598-017-14468-9,HTML,"full text (this work, 2026)"
Groundwater/Hydrology,"Nimiya, Ikeda & Tsuji, 2017",2017,"Stress/pore-pressure (coseismic; precipitation tested, minor here)","Kyushu Island, Japan (2016 Kumamoto region)",Ambient noise,Rayleigh surface waves; Vs change inferred,0.1-0.9,100,stretching (+MWCS check),"Daily CCFs from 30-min segments; 1-yr reference, 30-day moving stack",Station pairs,~0-10 km; lower freq = greater depth,~0.3-0.4% near faults; ~0.7-0.8% at Aso volcano,SD over six 50-s subwindows,Distinguishes coseismic damage from hydrology; precipitation showed no clear dv/v effect here,Volcano,https://doi.org/10.1126/sciadv.1700813,HTML,"full text (this work, 2026)"
Groundwater/Hydrology,"Wang, Brenguier, Campillo, Lecointre, Takeda & Aoki, 2017",2017,Thermoelastic strain + hydrology (pore-pressure diffusion / precipitation),Japan (nationwide; strongest in Kyushu/volcanic zones),Ambient noise,Z-component cross-correlations (Hi-net),0.1-0.25 and 0.5-2.0,"30 s (0.1-0.25 Hz), 10 s (0.5-2 Hz)",MWCS,"Daily CCFs; ~1-yr reference, moving-window current stack",Array,Uppermost crust (first few km); pore-pressure diffusion in Kyushu,n/r (large seasonal in some regions),"none (QC only: dt<=0.2 s, coh>=0.5)",Decomposes seasonal dv/v into thermoelastic vs delayed pore-pressure diffusion; dv/v min aligns with July rain max in Kyushu,Earthquake/Fault; Methodology,https://doi.org/10.1002/2017JB014307,paywall,"full text (this work, 2026)"
Groundwater/Hydrology,"Clements & Denolle, 2018",2018,Groundwater level / aquifer storage (drought-recharge cycles),"San Gabriel Valley, California, USA",Ambient noise,Single-station cross-component correlations,0.1-0.25 and 0.5-2.0,"30 s (0.1-0.25 Hz), 10 s (0.5-2 Hz)",MWCS,Daily stacks vs reference,Single-station cross-comp,Upper ~500 m near-surface,Order ~0.1% over drought-flood cycle,"none (QC only: dt<=0.2 s, coh>=0.5)",First explicit dv/v-to-groundwater-level mapping in a California aquifer; predicts drought water-loss volume,,https://doi.org/10.1029/2018GL077706,preprint,"full text (this work, 2026)"
Groundwater/Hydrology,"Kim & Lekic, 2019",2019,Groundwater (Gulf Coast Aquifer),"Gulf Coast Aquifer, southern Texas (IU.HKT near Houston), USA",Both,Single-station autocorr + teleseismic receiver functions,0.01-8,n/r,stretching,Multi-year (~20 yr) record; yearly-scale comparisons,Single-station autocorr,Aquifer depth; yearly-scale response (weak daily precip correlation),n/r,none (grid-search CC max),Two single-station techniques (autocorr + receiver functions) cross-validate the groundwater signal,,https://doi.org/10.1029/2019GL084719,paywall,"full text (this work, 2026)"
Groundwater/Hydrology,"Andajani, Tsuji, Snieder & Ikeda, 2020",2020,Rainfall-induced crustal pore-pressure change (groundwater recharge),"Chugoku & Shikoku, SW Japan (Hi-net)",Ambient noise,Vs (virtual seismograms between station pairs),0.1-0.9,100,stretching,n/r,Station pairs,Tens of m to greater depth via diffusive pore pressure at low freq,n/r (seasonal; negative correlation with pore pressure),stretching CC as quality indicator (no error bars),Negative dv/v-pore-pressure correlation + time-lag maps rainfall recharge and permeability spatially,,https://doi.org/10.1186/s40623-020-01311-1,HTML,"full text (this work, 2026)"
Groundwater/Hydrology,"Gaubert-Bastide, Garambois, et al., 2022",2022,Controlled water-table variation (groundwater storage),"Crépieux-Charmy water-production field, Lyon, France",Ambient noise,Z-component nodal recordings,2-5,"n/a (ballistic Love-wave window, not coda)",stretching,"Hourly correlations over 19 days, two fill/drain cycles",Array,Shallow (few to tens of m; vadose + water table),Stretching coeff vs water table CC ~0.93; small (~0.1-1%),eps_max +- sigma (stretching variance),"Dense nodal array resolves hourly, high-resolution water-table dv/v",,https://doi.org/10.1029/2021WR030680,paywall,"full text (this work, 2026)"
Groundwater/Hydrology,"Illien, Andermann, Sens-Schönfelder, et al., 2022",2022,Post-seismic damage recovery + groundwater drainage / pore pressure,Nepal Himalaya (2015 Mw7.8 Gorkha aftermath),Ambient noise,Single-station cross-correlations,4-8 (Chaku); 2-4 (Gumba),12 periods (~3 s) after 4-period skip,stretching,~3-yr continuous time series,Single-station cross-comp,Shallow subsurface,n/r (coseismic drop + multi-year recovery + seasonal hydrologic component),none (multi-reference stack),Separates transient damage from seasonal groundwater-driven dv/v,Earthquake/Fault,https://doi.org/10.1029/2021JB023402,paywall,"full text (this work, 2026)"
Groundwater/Hydrology,"Mao, Lecointre, van der Hilst & Campillo, 2022",2022,"Groundwater storage fluctuation (poroelastic), depth-resolved","Coastal Los Angeles basins, California, USA",Ambient noise,3-component station pairs (~50 broadband stations),2-4,2-8,stretching,"Daily CCFs stacked over 20 days, 5-day step; pairs <50 km",Array,~350 m (0.5-2 Hz) to ~700 m (0.2-0.8 Hz) via Rayleigh kernels,Order 1e-4; seasonal ~0.01%,cc^2-weighted channel mean (no explicit error bars),Multi-band array coda inversion adds depth + spatial resolution; matches wells and InSAR,,https://doi.org/10.1038/s41467-022-32194-3,HTML,"full text (this work, 2026)"
Groundwater/Hydrology,"Clements & Denolle, 2023",2023,"Hydrologic (groundwater) + thermoelastic strain; earthquakes, droughts, floods","Statewide California, USA (1999-2021)",Ambient noise,Single-station cross-component correlations,2-4,2-8,stretching,Daily stacks across ~700 stations vs reference,Single-station cross-comp,Upper ~500 m near-surface,Order ~0.1-0.2%; multiyear rise during 2011-2016 drought,cc^2-weighted channel mean (no explicit error bars),"Two-decade statewide survey (JGR-SE, not Geophysics); long-term positive trend = water-table lowering",Earthquake/Fault,https://doi.org/10.1029/2022JB025553,preprint,"full text (this work, 2026)"
Groundwater/Hydrology,"Delouche, et al., 2023",2023,Aquifer dynamics (seasonal groundwater),Greece (aquifer monitoring sites),Ambient noise,Single-station cross-component autocorrelations,0.33-1 (1-3 s period),15-55,stretching,n/r,Single-station autocorr,Near-surface aquifer,n/r (negative dv/v-GWL trend; seasonal),Weaver et al. (2011) RMS error,Single-station noise autocorr monitors aquifer seasonal dynamics without station pairs,,https://doi.org/10.1029/2023JB026759,paywall,"full text (this work, 2026)"
Groundwater/Hydrology,"Ermert, Cabrera, Sawade, et al., 2023",2023,Seasonal poroelastic + thermoelastic dv/v (and co-/post-seismic),Mexico City basin / Valley of Mexico,Ambient noise,Autocorrelations (12 strong-motion + broadband stations),"0.5-1, 1-2, 2-4, 4-8",4-10x and 8-20x longest period (e.g. 8-16 & 16-40 s),stretching,Clustered (GMM) autocorrelation stacks,Single-station autocorr,"~5 m (soft, high freq) to ~50 m (hard, low freq)",Seasonal ~1% pk-pk; coseismic up to ~10%; trend up to 0.75%/yr,CC_best>0.6 QC; no formal dv/v error,Site-dependent depth sensitivity; waveform clustering stabilizes urban autocorr dv/v,,https://doi.org/10.5194/se-14-529-2023,PDF,abstract only (paywalled)
Groundwater/Hydrology,"Fokker, Ruigrok, Hawkins & Trampert, 2023",2023,"Pore-pressure (effective-stress) variation from groundwater, depth-resolved","Groningen, The Netherlands",Ambient noise,Surface-wave phase velocity,1.3-1.6,n/r (coda of cross-coherence),stretching,n/r,Array,Upper ~200 m via pore-pressure sensitivity kernels,n/r (small seasonal),standard error sigma/sqrt(n),Pore-pressure sensitivity kernels invert dv/v(freq) to pore pressure(depth),,https://doi.org/10.1029/2022GL101254,preprint,"full text (this work, 2026)"
Groundwater/Hydrology,"Zhang et al., 2023",2023,Terrestrial water storage / drought / groundwater (seasonal + multi-year),"Central Oklahoma, USA",Ambient noise,n/r,"0.1-1.0 (also 0.3-1.2, 0.5-1.5, 1.0-2.0)","n/r (dynamic windows, 3.0 & 2.0 km/s)",MWCS,Continuous 2013-2022 record,n/r,Near-surface; multi-year drought/recharge dominates,n/r,SD (avg ~0.009%),dv/v negatively correlated with GRACE gravity and groundwater depth; separates seasonal vs multi-year drought,,https://doi.org/10.1029/2023GL103419,paywall,"full text (this work, 2026)"
Groundwater/Hydrology,"Mao, Ellsworth, Zheng & Beroza, 2025",2025,Groundwater drought recovery from 2023 atmospheric-river storms (depth-dependent),"Greater Los Angeles, California, USA",Ambient noise,3-component station pairs (multi-band),0.1-0.3,300 s window from 1.3*t0,stretching,"Daily CCFs stacked, multi-day step; two-decade record",Array,Resolves surface/near-surface vs aquifers below ~50 m,n/r (decadal trend; only ~25% of groundwater lost since 2006 recovered),Weaver et al. (2011) error formula,Depth-resolved seismic hydrographs separate shallow (recovered) from deep aquifer (still depleted) storage,,https://doi.org/10.1126/science.adr6139,paywall,"full text (this work, 2026)"
Cryosphere,"Mordret et al., 2016",2016,Ice-sheet melt / seasonal ice-elastic changes,Southwest Greenland ice sheet,Ambient noise,ZZ (cross-correlations between station pairs),0.1-0.3,300 s window from 1.3*t0,stretching,Daily cross-correlations over ~2-year record,Station pairs,Ice/firn near-surface (seasonal),Strong seasonal fluctuation (few %),Weaver et al. (2011) error formula,Noise interferometry tracks ice-sheet seasonal melt where active sources impractical,,https://doi.org/10.1126/sciadv.1501538,HTML,"full text (this work, 2026)"
Cryosphere,"James et al., 2019",2019,Seasonal active-layer freeze-thaw / permafrost dynamics,"Interior Alaska (Poker Flat / Fairbanks area), USA",Ambient noise,ZZ (vertical-vertical),3-30 (18 bands; 13 Hz inversion),+-0.2 to 2.0 (center lag),MWCS,Daily cross-correlations stacked; reference relative to Jan 2014,Station pairs,Shallow active layer (~0 to few m); deeper-band = deeper thaw; depth-frequency mapping noted,+3% (spring) to -8% (late August) seasonal swing,95% CI from posterior,Multi-frequency-band stretching maps thaw-depth progression; interstation distance affects frequency-depth response,,https://doi.org/10.1029/2019JF005051,paywall,"full text (this work, 2026)"
Cryosphere,"Guillemot et al., 2020",2020,Rock-glacier permafrost freeze-thaw / water infiltration,"Gugla rock glacier, Valais, Switzerland",Ambient noise,Vertical (L22 2 Hz geophones),"n/a (resonance-freq tracking, not dv/v)",n/a,n/a (no dv/v computed),Daily correlograms from hourly raw data,Station pairs,0-10 m active layer (frequency-dependent),±1-1.5% seasonal,n/a,High-frequency (>4 Hz) dense small array resolves shallow active-layer freeze-thaw on rock glaciers,Landslide,https://doi.org/10.1093/gji/ggaa097,PDF,"full text (this work, 2026)"
Cryosphere,"Guillemot et al., 2021",2021,Rock-glacier active-layer freeze-thaw (modal/spectral sensitivity),Laurichard (French Alps) and Gugla (Swiss Alps) rock glaciers,Ambient noise,Vertical (L4C / L-22 geophones),"n/a (resonance-freq tracking, not dv/v)",n/a,n/a (no dv/v computed),PSD-based; finite-element modal modeling,Array,"~2-8 m active layer (Gugla ~5 m, Laurichard ~3-4 m)","Resonance higher (stiffer) end of winter, lower in warm periods",n/a,Spectral resonance complements dv/v for shallow elastic freeze-thaw changes in rock glaciers,,https://doi.org/10.5194/tc-15-501-2021,HTML,"full text (this work, 2026)"
Cryosphere,"Lindner et al., 2021",2021,Seasonal freeze-thaw and long-term permafrost degradation,"Mt. Zugspitze, German/Austrian Alps",Ambient noise,Single-station inter-component cross-correlations (3-comp),2-8 (analysis 1-20),-5 to 5 lag,wavelet cross-spectrum (Morlet),15-year continuous record; daily/seasonal stacks,Single-station cross-comp,"Shallow rock/permafrost lens (site-scale, m to tens of m)",Up to ~3% seasonal (late winter vs late summer); long-term decline ~0.1%/yr,1 SD,Single 3-component station enables long-term permafrost monitoring where no station pairs exist,,https://doi.org/10.1029/2021GL094659,paywall,"full text (this work, 2026)"
Cryosphere,"Luo et al., 2023",2023,Ice-sheet seasonal fluctuation and long-term trends / surface melt-mass change,Greenland Ice Sheet (GLISN stations),Ambient noise,Single-station cross-component autocorrelations,"0.1-1 (also 0.1-0.5, 1-2)",20-70,MWCS,Daily autocorrelations stacked,Single-station autocorr,Shallow firn/ice (seasonal),Seasonal dv/v; <3-month lag vs surface mass change,fitted +-sigma; 95% CI,Single-station cross-component autocorr enables monitoring at sparse polar stations,,https://doi.org/10.1029/2022GL102146,paywall,"full text (this work, 2026)"
Geothermal/Reservoir,"Gassenmeier et al., 2015",2015,"CO2 storage site environmental monitoring (groundwater, ground frost) / CO2-plume attempt","Ketzin CO2 storage site (CO2SINK), Brandenburg, Germany",Ambient noise,"ZZ, RR, TT",1.5-3,moving windows after 300 m/s phase,stretching,"1-hour segments cross-correlated, stacked to daily",Station pairs,Shallow subsurface (upper ~0.5 m); not sensitive to 650 m reservoir,"Annual periodic (max ~Nov, min ~Mar); sharp jumps at ground frost",Weaver et al. (2011); scaling-coeff CIs,Surface arrays sense shallow seasonal/frost effects; deep CO2 plume not resolvable from surface noise,,https://doi.org/10.1093/gji/ggu413,PDF,"full text (this work, 2026)"
Geothermal/Reservoir,"Hillers et al., 2015",2015,EGS reservoir stimulation / aseismic transient deformation,"Basel deep geothermal (EGS) reservoir, Switzerland",Ambient noise,n/r,n/r,Coda of noise correlations,Stretching,Daily noise correlations around 2006 stimulation,Station pairs,Coda-wave sensitivity kernels for spatial localization (reservoir depth),Small transient dv/v co-located with stimulation,Sensitivity-kernel imaging of velocity-change location,Noise-based imaging localized aseismic deformation from the 2006 Basel stimulation,,https://doi.org/10.1190/geo2014-0455.1,paywall,abstract scan (2026)
Geothermal/Reservoir,"Obermann et al., 2015",2015,"Geothermal reservoir response to operator activities (stimulation/acid job, gas kick)","St. Gallen geothermal site, Switzerland",Ambient noise,"Multi-component (Z, R, T)",0.1-1,20 s window centered ~15 s in coda,stretching,Daily cross-correlations; reference stacks,Station pairs,Coda-wave sensitivity kernels; reservoir-depth (km) attribution,Small (sub-percent) transients tied to operations,none,Ambient noise revealed aseismic reservoir response invisible to standard microseismic monitoring,,https://doi.org/10.1002/2014JB011817,paywall,"full text (this work, 2026)"
Geothermal/Reservoir,"Czarny et al., 2016",2016,Underground coal-mining-induced velocity changes,"Underground coal mine, Upper Silesia, Poland",Ambient noise,n/r (broadband seismometers),0.6-1.2,n/r,Stretching,Continuous cross-correlations over ~42 days,Station pairs,Mining depth (frequency-dependent),Temporal dv/v tied to mining advance,n/r,Low-frequency (0.6-1.2 Hz) stretching tracks mining-induced velocity change over short campaigns,,https://doi.org/10.1007/s00024-015-1234-3,paywall,abstract scan (2026)
Geothermal/Reservoir,"Olivier et al., 2017",2017,Tailings-dam wall stability / water-content (dv/v vs rainfall),"Active tailings storage facility (mine), South Africa",Ambient noise,n/r (geophone array),"0.25-1.0, 0.5-2.0, 0.75-3.0, 1.0-4.0, 1.5-6.0, 2.0-8.0",20 s (-40 to -20 and 20 to 40),MWCS (MSNoise),Daily cross-correlations across array,Array,"~13-40 m (Vs ~200 m/s, 5-15 Hz)",dv/v responds to rainfall / water content changes,two-sigma SD; CC>0.85 rejection,Dense geophone array with stretching monitors saturation changes in tailings dam walls,,https://doi.org/10.1190/tle36040350a1.1,paywall,"full text (this work, 2026)"
Geothermal/Reservoir,"Taira et al., 2018",2018,Reservoir response to earthquakes and geothermal fluid extraction (poroelastic contraction),"Salton Sea Geothermal Field, California, USA",Ambient noise,ZZ primary; nine-component combinations,"0.25-1.0, 0.5-2.0, 0.75-3.0, 1.0-4.0, 1.5-6.0, 2.0-8.0",20 s (-40 to -20 and 20 to 40),MWCS (MSNoise),Daily NCFs from 30-min segments; 5-day stacks,Station pairs,~0.5-1.5 km (Rayleigh-wave kernels),-0.25% to +0.25% transients; +0.04%/yr long-term,two-sigma SD; CC>0.85 rejection,MWCS on borehole arrays with spectral whitening / 1-bit (MSNoise) resolves production-induced dv/v,,https://doi.org/10.1126/sciadv.1701536,HTML,"full text (this work, 2026)"
Geothermal/Reservoir,"Kristjánsdóttir et al., 2019",2019,Geothermal wastewater reinjection (water-volume / pore-pressure increase),"Hellisheidi geothermal field, SW Iceland",Ambient noise,n/r,n/r,n/r,Stretching,Daily correlations (MSNoise workflow),Station pairs,Reservoir / injection depth (km),Velocity decrease in months after injection onset,Seasonal and noise-source effects discussed as caveats,Reinjection-induced velocity drop attributed to increased water in rock matrix; seasonal correction needed,,https://ui.adsabs.harvard.edu/abs/2019EGUGA..2118643K/abstract,preprint,abstract scan (2026)
Methodology,"Snieder, Grêt, Douma & Scales 2002",2002,Coda wave interferometry theory; velocity-change estimation from coda time shifts,theory + ultrasonic lab,Earthquake coda,n/r,"n/a (dispersion/preprocessing paper, no dv/v)",n/a,n/a (not a velocity-change study),n/r,single source-receiver pair,n/r,sensitivity grows with lapse time t (dt = -t·dv/v),n/a,Foundational theory: relative travel-time shift in the coda equals -dv/v (uniform medium); coda waves amplify small velocity changes because dt accumulates with lapse time,,https://doi.org/10.1126/science.1070015,paywall,"full text (this work, 2026)"
Methodology,Bensen et al. 2007,2007,"Ambient-noise preprocessing (normalization, whitening) for reliable correlations",USArray test data,Ambient noise,Z (and horizontals),0.1-0.9,6 s windows overlapping 3 s,MWCS,daily cross-correlation + temporal stacking,station pairs / network,n/r,n/a,WLS phase-fit error (corrected ~6x),"Canonical 4-phase preprocessing workflow: (1) single-station prep with time-domain normalization (one-bit or running-mean) + spectral whitening, (2) cross-correlation & stacking, (3) measurement, (4) SNR-based QC",,https://doi.org/10.1111/j.1365-246X.2007.03374.x,HTML,"full text (this work, 2026)"
Methodology,"Clarke, Zaccarelli, Shapiro & Brenguier 2011",2011,dv/v error estimation / resolution & accuracy of MWCS,synthetic + real noise tests,Ambient noise,n/r,0.1-0.9,6 s windows overlapping 3 s,MWCS,"current stack vs reference, weighted linear regression dt vs t",station pairs,n/r,resolves ~0.1% dv/v,WLS phase-fit error (corrected ~6x),Established MWCS error framework: dv/v from weighted linear fit of dt vs t with coherence weighting; measurement error scales inversely with SNR,Volcano,https://doi.org/10.1111/j.1365-246X.2011.05074.x,HTML,"full text (this work, 2026)"
Methodology,"Hadziioannou, Larose, Baig, Roux & Campillo 2011",2011,Improving temporal resolution of dv/v monitoring (waveform clustering),urban noise autocorrelations,Ambient noise,single-station autocorrelation,0.1-0.9,n/r (whole coda t1-t2),stretching (and doublet),waveform clustering to enhance daily stacks,single station,n/r,n/a,remnant coherence (CC),Waveform clustering of correlations (grouping by similar noise-source conditions) raises temporal resolution from ~30 days to 1 day while preserving dv/v accuracy,,https://doi.org/10.1029/2011JB008200,paywall,"full text (this work, 2026)"
Methodology,"Weaver, Hadziioannou, Larose & Campillo 2011",2011,Precision/bias of the stretching method (dv/v error theory),theory,Ambient noise,n/r,0.05-0.5,up to t0=30,stretching,reference vs current correlation,n/a (theoretical),n/r,n/a,max CC>0.9 (no formal error),"Derived the precision of the stretching estimate: dv/v error depends on loss of coherence between reference and current correlations, the frequency bandwidth, and the coda time window",,https://doi.org/10.1111/j.1365-246X.2011.05015.x,HTML,"full text (this work, 2026)"
Methodology,"Zhan, Tsai & Clayton 2013",2013,Spurious dv/v from temporal changes in ambient-noise frequency content,synthetic + field examples,Ambient noise,n/r,0.05-0.5,up to t0=30,stretching,reference vs current,station pairs,n/r,artifacts up to ~0.1%,max CC>0.9 (no formal error),Temporal variations in the ambient-noise frequency content produce SPURIOUS apparent dv/v; must verify noise-spectrum stationarity (or restrict to stable bands) before interpreting velocity changes,,https://doi.org/10.1093/gji/ggt170,HTML,"full text (this work, 2026)"
Methodology,"Lecocq, Caudron & Brenguier 2014",2014,Software/workflow standardization (MSNoise) for dv/v monitoring,Piton de la Fournaise (validation),Ambient noise,configurable (e.g. ZZ),synthetic (Ricker 12.5; noise 0.5-30),1-10 lapse; sub-windows 0.1-1.0 s,"windowed CC, stretching, DTW (compared)",daily CCF + reference stack,network,n/r,n/a,WLS lag-vs-lapse; CC>=0.6,"Open, reproducible end-to-end Python workflow (DB-driven) standardizing preprocessing, CCF, reference-stack and MWCS dv/v with documented parameter choices",,https://doi.org/10.1785/0220130073,paywall,"full text (this work, 2026)"
Methodology,"Mikesell, Malcolm, Yang & Haney 2015",2015,Phase-delay / dv/v estimation method comparison (DTW),numerical CWI examples,Both,n/a,0.33-1.0 (1-3 s),(dist/1.8)+20 to 120,stretching,n/a,n/a,n/r,n/a,Weaver et al. (2011) rms formula,Introduces Dynamic Time Warping for coda phase-delay estimation; DTW recovers a full local time-shift vector and outperforms windowed cross-correlation when SNR is low,,https://doi.org/10.1093/gji/ggv138,HTML,"full text (this work, 2026)"
Methodology,"Stehly, Froment, Campillo, Liu & Chen 2015",2015,Denoising correlations (curvelet filtering) to improve dv/v temporal resolution,Wenchuan Mw 7.9 region (test dataset),Ambient noise,n/r,0.1-1.0 (real); 0.15-0.65 (synthetic),"[15,35] and [-35,-15]",stretching (+MWCS compare),daily correlations curvelet-filtered before stacking,station pairs / array,n/r,n/a,CC>0.7 rejection; ~+-0.1% significance,"Curvelet-transform denoising of daily correlations removes incoherent fluctuations while preserving coherent coda, enabling daily-resolution dv/v from short stacks",,https://doi.org/10.1093/gji/ggv110,HTML,"full text (this work, 2026)"
Methodology,"Daskalakis, Evangelidis, Garnier, Melis, Papanicolaou & Tsogka 2016",2016,Robust dv/v estimation insensitive to noise-source seasonality (normalization),synthetic + real noise,Ambient noise,n/r,n/r (numerical study),1 s overlapping windows,stretching,normalized cross-correlation functions,station pairs,n/r,n/a,SD over 20 receivers,Apparent seasonal dv/v from non-uniform/seasonal noise sources can be suppressed by proper normalization of the cross-correlation functions,,https://doi.org/10.1093/gji/ggw142,preprint,"full text (this work, 2026)"
Methodology,"Obermann, Planès, Hadziioannou & Campillo 2016",2016,Lapse-time-dependent depth sensitivity kernels in 3-D,3-D wavefield simulations,Both,n/a (numerical),0.15-0.90,-60 to +60 (doublet over coda),doublet + Bayesian least-squares inversion (Brenguier 2014),n/a,n/a,3-D kernels: penetration depth increases with lapse time; quantitative surface/body-wave partition,n/a,Bayesian least-squares inversion; error bars from inversion,Provides 3-D lapse-time-dependent depth sensitivity kernels: select the coda lapse-time window according to the target depth — later coda probes deeper,,https://doi.org/10.1093/gji/ggw264,HTML,"full text (this work, 2026)"
Methodology,Obermann & Hillers 2019,2019,Review: seismic time-lapse interferometry methods across scales,review,Both,various,scale-dependent,lapse-time/depth dependent,Other,reference and moving-stack strategies reviewed,single station to networks,depth proxy via frequency band & coda lapse time,n/a,"synthesizes error sources: noise-source variability, processing choices, sensitivity kernels","Review chapter consolidating best practice: choice of dv/v method, frequency band (depth), coda window, reference, and the dominant error sources across application scales",,https://doi.org/10.1016/bs.agph.2019.06.001,paywall,abstract scan (2026)
Methodology,Jiang & Denolle 2020,2020,Software/workflow (NoisePy) high-performance ambient-noise processing,benchmark vs MSNoise,Ambient noise,configurable,user-defined,user-defined,Other,linear/PWS/robust stacking; reference + moving stacks,large-N networks,n/r,n/a,offers multiple dv/v estimators so users can cross-check; parallel/HDF5 reproducible pipeline,"High-performance Python package implementing multiple normalization, stacking and dv/v methods so practitioners can benchmark estimator choices; ~4x faster correlations vs MSNoise",,https://doi.org/10.1785/0220190364,paywall,abstract scan (2026)
Methodology,Wang & Yao 2020,2020,Review of ambient-noise dv/v monitoring methods & perspective,review,Ambient noise,various,n/r (review),n/r (review),"stretching, MWCS, DTW, WCS (review)",reference and stacking strategies reviewed,single station to networks,frequency-band depth sensitivity discussed,n/a,Bayesian least-squares / MCMC (review),"Brief review enumerating method trade-offs (stretching vs MWCS vs wavelet/DTW), processing pitfalls and the influence of noise-source and processing choices on dv/v",,https://doi.org/10.26464/epp2020048,HTML,"full text (this work, 2026)"
Methodology,"Yuan, Bryan & Denolle 2021",2021,Benchmark comparison of dv/v measurement methods (time/freq/wavelet),2-D heterogeneous half-space simulations,Both,n/a (synthetic),varies (e.g. 0.5-2.2),45-75 (example),"WCC, TS, DTW, MWCS, WCS, WTS, WTDTW (7 compared)",n/a,n/a,n/r,n/a,residuals vs truth over realizations,Comprehensive benchmark of 7 dv/v estimators: stretching robust for uniform changes and low SNR; cross-spectral/MWCS suffers cycle-skipping at large dv/v; wavelet-domain methods give best joint time-frequency accuracy,,https://doi.org/10.1093/gji/ggab140,HTML,"full text (this work, 2026)"
